Workbook

Sheet Attendance
B1: EMPLOYEE ATTENDANCE REGISTER
B2: Month: | D2: June | E2: Year: | G2: 2026
B3: Employee name | C3: Department | D3: 1 | E3: 2 | F3: 3 | G3: 4 | H3: 5 | I3: 6 | J3: 7 | K3: 8 | L3: 9 | M3: 10 | N3: 11 | O3: 12 | P3: 13 | Q3: 14 | R3: 15 | S3: 16 | T3: 17 | U3: 18 | V3: 19 | W3: 20 | X3: 21 | Y3: 22 | Z3: 23 | AA3: 24 | AB3: 25 | AC3: 26 | AD3: 27 | AE3: 28 | AF3: 29 | AG3: 30 | AH3: 31 | AI3: Present | AJ3: Absent | AK3: Leave | AL3: WFH | AM3: Working days | AN3: Absent %
B4: Ahmed Khan | C4: Sales | D4: P | E4: P | F4: P | G4: P | H4: P | I4: H | J4: H | K4: P | L4: WFH | M4: P | N4: P | O4: P | P4: H | Q4: H | R4: P | S4: P | T4: P | U4: P | V4: P | W4: H | X4: H | Y4: P | AI4: =COUNTIF(D4:AH4,"P") -> 15 | AJ4: =COUNTIF(D4:AH4,"A") -> 0 | AK4: =COUNTIF(D4:AH4,"L") -> 0 | AL4: =COUNTIF(D4:AH4,"WFH") -> 1 | AM4: =AI4+AK4+AL4 -> 16 | AN4: =IFERROR(AJ4/AO4*100,0) -> 0
B5: Sara Malik | C5: Marketing | D5: P | E5: P | F5: P | G5: P | H5: P | I5: H | J5: H | K5: P | L5: P | M5: P | N5: L | O5: P | P5: H | Q5: H | R5: P | S5: P | T5: P | U5: P | V5: P | W5: H | X5: H | Y5: P | AI5: =COUNTIF(D5:AH5,"P") -> 15 | AJ5: =COUNTIF(D5:AH5,"A") -> 0 | AK5: =COUNTIF(D5:AH5,"L") -> 1 | AL5: =COUNTIF(D5:AH5,"WFH") -> 0 | AM5: =AI5+AK5+AL5 -> 16 | AN5: =IFERROR(AJ5/AO5*100,0) -> 0
B6: Bilal Qureshi | C6: Operations | D6: P | E6: A | F6: P | G6: P | H6: P | I6: H | J6: H | K6: P | L6: WFH | M6: P | N6: P | O6: P | P6: H | Q6: H | R6: P | S6: P | T6: P | U6: P | V6: P | W6: H | X6: H | Y6: P | AI6: =COUNTIF(D6:AH6,"P") -> 14 | AJ6: =COUNTIF(D6:AH6,"A") -> 1 | AK6: =COUNTIF(D6:AH6,"L") -> 0 | AL6: =COUNTIF(D6:AH6,"WFH") -> 1 | AM6: =AI6+AK6+AL6 -> 15 | AN6: =IFERROR(AJ6/AO6*100,0) -> 0
B7: Fatima Noor | C7: Finance | D7: P | E7: P | F7: P | G7: P | H7: P | I7: H | J7: H | K7: L | L7: P | M7: P | N7: P | O7: P | P7: H | Q7: H | R7: P | S7: P | T7: A | U7: P | V7: P | W7: H | X7: H | Y7: P | AI7: =COUNTIF(D7:AH7,"P") -> 14 | AJ7: =COUNTIF(D7:AH7,"A") -> 1 | AK7: =COUNTIF(D7:AH7,"L") -> 1 | AL7: =COUNTIF(D7:AH7,"WFH") -> 0 | AM7: =AI7+AK7+AL7 -> 15 | AN7: =IFERROR(AJ7/AO7*100,0) -> 0
B8: Usman Tariq | C8: Sales | D8: P | E8: P | F8: P | G8: P | H8: P | I8: H | J8: H | K8: P | L8: P | M8: L | N8: WFH | O8: P | P8: H | Q8: H | R8: P | S8: P | T8: WFH | U8: P | V8: P | W8: H | X8: H | Y8: P | AI8: =COUNTIF(D8:AH8,"P") -> 13 | AJ8: =COUNTIF(D8:AH8,"A") -> 0 | AK8: =COUNTIF(D8:AH8,"L") -> 1 | AL8: =COUNTIF(D8:AH8,"WFH") -> 2 | AM8: =AI8+AK8+AL8 -> 16 | AN8: =IFERROR(AJ8/AO8*100,0) -> 0
B9: Ayesha Siddiqui | C9: HR | D9: P | E9: P | F9: P | G9: WFH | H9: P | I9: H | J9: H | K9: P | L9: A | M9: P | N9: P | O9: P | P9: H | Q9: H | R9: P | S9: P | T9: P | U9: P | V9: P | W9: H | X9: H | Y9: P | AI9: =COUNTIF(D9:AH9,"P") -> 14 | AJ9: =COUNTIF(D9:AH9,"A") -> 1 | AK9: =COUNTIF(D9:AH9,"L") -> 0 | AL9: =COUNTIF(D9:AH9,"WFH") -> 1 | AM9: =AI9+AK9+AL9 -> 15 | AN9: =IFERROR(AJ9/AO9*100,0) -> 0
B10: Zain Ahmed | C10: IT | D10: A | E10: P | F10: A | G10: WFH | H10: P | I10: H | J10: H | K10: P | L10: P | M10: P | N10: P | O10: P | P10: H | Q10: H | R10: P | S10: P | T10: P | U10: L | V10: WFH | W10: H | X10: H | Y10: P | AI10: =COUNTIF(D10:AH10,"P") -> 11 | AJ10: =COUNTIF(D10:AH10,"A") -> 2 | AK10: =COUNTIF(D10:AH10,"L") -> 1 | AL10: =COUNTIF(D10:AH10,"WFH") -> 2 | AM10: =AI10+AK10+AL10 -> 14 | AN10: =IFERROR(AJ10/AO10*100,0) -> 0
B11: Maria Hassan | C11: Operations | D11: P | E11: P | F11: WFH | G11: WFH | H11: P | I11: H | J11: H | K11: P | L11: P | M11: P | N11: P | O11: P | P11: H | Q11: H | R11: P | S11: P | T11: P | U11: P | V11: P | W11: H | X11: H | Y11: L | AI11: =COUNTIF(D11:AH11,"P") -> 13 | AJ11: =COUNTIF(D11:AH11,"A") -> 0 | AK11: =COUNTIF(D11:AH11,"L") -> 1 | AL11: =COUNTIF(D11:AH11,"WFH") -> 2 | AM11: =AI11+AK11+AL11 -> 16 | AN11: =IFERROR(AJ11/AO11*100,0) -> 0
B12: Hamza Ali | C12: Sales | D12: WFH | E12: P | F12: P | G12: P | H12: WFH | I12: H | J12: H | K12: L | L12: P | M12: P | N12: P | O12: P | P12: H | Q12: H | R12: P | S12: P | T12: P | U12: P | V12: P | W12: H | X12: H | Y12: WFH | AI12: =COUNTIF(D12:AH12,"P") -> 12 | AJ12: =COUNTIF(D12:AH12,"A") -> 0 | AK12: =COUNTIF(D12:AH12,"L") -> 1 | AL12: =COUNTIF(D12:AH12,"WFH") -> 3 | AM12: =AI12+AK12+AL12 -> 16 | AN12: =IFERROR(AJ12/AO12*100,0) -> 0
B13: Nadia Shah | C13: Finance | D13: P | E13: P | F13: P | G13: P | H13: P | I13: H | J13: H | K13: P | L13: A | M13: P | N13: P | O13: P | P13: H | Q13: H | R13: P | S13: P | T13: P | U13: P | V13: P | W13: H | X13: H | Y13: P | AI13: =COUNTIF(D13:AH13,"P") -> 15 | AJ13: =COUNTIF(D13:AH13,"A") -> 1 | AK13: =COUNTIF(D13:AH13,"L") -> 0 | AL13: =COUNTIF(D13:AH13,"WFH") -> 0 | AM13: =AI13+AK13+AL13 -> 15 | AN13: =IFERROR(AJ13/AO13*100,0) -> 0
B14: MONTHLY TOTALS | D14: =COUNTA(D4:D13) -> 10 | E14: =COUNTA(E4:E13) -> 10 | F14: =COUNTA(F4:F13) -> 10 | G14: =COUNTA(G4:G13) -> 10 | H14: =COUNTA(H4:H13) -> 10 | I14: =COUNTA(I4:I13) -> 10 | J14: =COUNTA(J4:J13) -> 10 | K14: =COUNTA(K4:K13) -> 10 | ... AH14: =COUNTA(AH4:AH13) -> 0 | AI14: =SUM(AI4:AI13) -> 136 | AJ14: =SUM(AJ4:AJ13) -> 6 | AK14: =SUM(AK4:AK13) -> 6 | AL14: =SUM(AL4:AL13) -> 12 | AM14: =SUM(AM4:AM13) -> 154 | AN14: =SUM(AN4:AN13) -> 0
B16: STATUS CODES: P = Present A = Absent L = Leave WFH = Work From Home H = Holiday (blank) = not scheduled

Sheet Payroll
B1: MONTHLY PAYROLL CALCULATOR
B2: Working days this month: | E2: 22 | F2: EOBI deduction (PKR): | H2: 250
B3: Employee name | C3: Department | D3: Basic salary (PKR) | E3: Days present | F3: Days absent | G3: Days on leave | H3: Earned salary | I3: Deductions | J3: EOBI | K3: Net payable (PKR) | L3: Status
B4: Ahmed Khan | C4: Sales | D4: 45000 | E4: =Attendance!AI4 -> 15 | F4: =Attendance!AJ4 -> 0 | G4: =Attendance!AK4 -> 0 | H4: =ROUND(D4/$E$2*(E4+G4+Attendance!AL4),0) -> 32727 | I4: =ROUND(D4/$E$2*F4,0) -> 0 | J4: =$H$2 -> 250 | K4: =H4-I4-J4 -> 32477 | L4: =IF(F4>2,"Review","OK") -> OK
B5: Sara Malik | C5: Marketing | D5: 38000 | E5: =Attendance!AI5 -> 15 | F5: =Attendance!AJ5 -> 0 | G5: =Attendance!AK5 -> 1 | H5: =ROUND(D5/$E$2*(E5+G5+Attendance!AL5),0) -> 27636 | I5: =ROUND(D5/$E$2*F5,0) -> 0 | J5: =$H$2 -> 250 | K5: =H5-I5-J5 -> 27386 | L5: =IF(F5>2,"Review","OK") -> OK
B6: Bilal Qureshi | C6: Operations | D6: 42000 | E6: =Attendance!AI6 -> 14 | F6: =Attendance!AJ6 -> 1 | G6: =Attendance!AK6 -> 0 | H6: =ROUND(D6/$E$2*(E6+G6+Attendance!AL6),0) -> 28636 | I6: =ROUND(D6/$E$2*F6,0) -> 1909 | J6: =$H$2 -> 250 | K6: =H6-I6-J6 -> 26477 | L6: =IF(F6>2,"Review","OK") -> OK
B7: Fatima Noor | C7: Finance | D7: 50000 | E7: =Attendance!AI7 -> 14 | F7: =Attendance!AJ7 -> 1 | G7: =Attendance!AK7 -> 1 | H7: =ROUND(D7/$E$2*(E7+G7+Attendance!AL7),0) -> 34091 | I7: =ROUND(D7/$E$2*F7,0) -> 2273 | J7: =$H$2 -> 250 | K7: =H7-I7-J7 -> 31568 | L7: =IF(F7>2,"Review","OK") -> OK
B8: Usman Tariq | C8: Sales | D8: 40000 | E8: =Attendance!AI8 -> 13 | F8: =Attendance!AJ8 -> 0 | G8: =Attendance!AK8 -> 1 | H8: =ROUND(D8/$E$2*(E8+G8+Attendance!AL8),0) -> 29091 | I8: =ROUND(D8/$E$2*F8,0) -> 0 | J8: =$H$2 -> 250 | K8: =H8-I8-J8 -> 28841 | L8: =IF(F8>2,"Review","OK") -> OK
B9: Ayesha Siddiqui | C9: HR | D9: 36000 | E9: =Attendance!AI9 -> 14 | F9: =Attendance!AJ9 -> 1 | G9: =Attendance!AK9 -> 0 | H9: =ROUND(D9/$E$2*(E9+G9+Attendance!AL9),0) -> 24545 | I9: =ROUND(D9/$E$2*F9,0) -> 1636 | J9: =$H$2 -> 250 | K9: =H9-I9-J9 -> 22659 | L9: =IF(F9>2,"Review","OK") -> OK
B10: Zain Ahmed | C10: IT | D10: 55000 | E10: =Attendance!AI10 -> 11 | F10: =Attendance!AJ10 -> 2 | G10: =Attendance!AK10 -> 1 | H10: =ROUND(D10/$E$2*(E10+G10+Attendance!AL10),0) -> 35000 | I10: =ROUND(D10/$E$2*F10,0) -> 5000 | J10: =$H$2 -> 250 | K10: =H10-I10-J10 -> 29750 | L10: =IF(F10>2,"Review","OK") -> OK
B11: Maria Hassan | C11: Operations | D11: 39000 | E11: =Attendance!AI11 -> 13 | F11: =Attendance!AJ11 -> 0 | G11: =Attendance!AK11 -> 1 | H11: =ROUND(D11/$E$2*(E11+G11+Attendance!AL11),0) -> 28364 | I11: =ROUND(D11/$E$2*F11,0) -> 0 | J11: =$H$2 -> 250 | K11: =H11-I11-J11 -> 28114 | L11: =IF(F11>2,"Review","OK") -> OK
B12: Hamza Ali | C12: Sales | D12: 41000 | E12: =Attendance!AI12 -> 12 | F12: =Attendance!AJ12 -> 0 | G12: =Attendance!AK12 -> 1 | H12: =ROUND(D12/$E$2*(E12+G12+Attendance!AL12),0) -> 29818 | I12: =ROUND(D12/$E$2*F12,0) -> 0 | J12: =$H$2 -> 250 | K12: =H12-I12-J12 -> 29568 | L12: =IF(F12>2,"Review","OK") -> OK
B13: Nadia Shah | C13: Finance | D13: 48000 | E13: =Attendance!AI13 -> 15 | F13: =Attendance!AJ13 -> 1 | G13: =Attendance!AK13 -> 0 | H13: =ROUND(D13/$E$2*(E13+G13+Attendance!AL13),0) -> 32727 | I13: =ROUND(D13/$E$2*F13,0) -> 2182 | J13: =$H$2 -> 250 | K13: =H13-I13-J13 -> 30295 | L13: =IF(F13>2,"Review","OK") -> OK
B14: PAYROLL TOTALS | D14: =SUM(D4:D13) -> 434000 | E14: =SUM(E4:E13) -> 136 | F14: =SUM(F4:F13) -> 6 | G14: =SUM(G4:G13) -> 6 | H14: =SUM(H4:H13) -> 302635 | I14: =SUM(I4:I13) -> 13000 | J14: =SUM(J4:J13) -> 2500 | K14: =SUM(K4:K13) -> 287135

Sheet Dashboard
B1: PAYROLL & ATTENDANCE DASHBOARD
B2: Summary auto-updates from Attendance and Payroll sheets.
B3: Total employees | D3: Net payroll this month | F3: Attendance rate
B4: 10 | D4: =Payroll!K14 -> 287135 | F4: =IFERROR(Attendance!AI14/(Attendance!AI14+Attendance!AJ14),0) -> 0.95774648
B6: Employee | C6: Net pay (PKR) | D6: Days present | E6: Days absent | F6: Status
B7: Ahmed Khan | C7: =Payroll!K4 -> 32477 | D7: =Payroll!E4 -> 15 | E7: =Payroll!F4 -> 0 | F7: =Payroll!L4 -> OK
B8: Sara Malik | C8: =Payroll!K5 -> 27386 | D8: =Payroll!E5 -> 15 | E8: =Payroll!F5 -> 0 | F8: =Payroll!L5 -> OK
B9: Bilal Qureshi | C9: =Payroll!K6 -> 26477 | D9: =Payroll!E6 -> 14 | E9: =Payroll!F6 -> 1 | F9: =Payroll!L6 -> OK
B10: Fatima Noor | C10: =Payroll!K7 -> 31568 | D10: =Payroll!E7 -> 14 | E10: =Payroll!F7 -> 1 | F10: =Payroll!L7 -> OK
B11: Usman Tariq | C11: =Payroll!K8 -> 28841 | D11: =Payroll!E8 -> 13 | E11: =Payroll!F8 -> 0 | F11: =Payroll!L8 -> OK
B12: Ayesha Siddiqui | C12: =Payroll!K9 -> 22659 | D12: =Payroll!E9 -> 14 | E12: =Payroll!F9 -> 1 | F12: =Payroll!L9 -> OK
B13: Zain Ahmed | C13: =Payroll!K10 -> 29750 | D13: =Payroll!E10 -> 11 | E13: =Payroll!F10 -> 2 | F13: =Payroll!L10 -> OK
B14: Maria Hassan | C14: =Payroll!K11 -> 28114 | D14: =Payroll!E11 -> 13 | E14: =Payroll!F11 -> 0 | F14: =Payroll!L11 -> OK
B15: Hamza Ali | C15: =Payroll!K12 -> 29568 | D15: =Payroll!E12 -> 12 | E15: =Payroll!F12 -> 0 | F15: =Payroll!L12 -> OK
B16: Nadia Shah | C16: =Payroll!K13 -> 30295 | D16: =Payroll!E13 -> 15 | E16: =Payroll!F13 -> 1 | F16: =Payroll!L13 -> OK

Sheet Instructions
A1: HOW TO USE THIS TRACKER
A2: SHEET 1 — Attendance Register
B3: Every day, go to the Attendance sheet and enter the status code for each employee.
B4: P = Present | A = Absent | L = Leave | WFH = Work From Home | H = Holiday
B5: Leave blank for days the employee is not scheduled (weekends etc.).
B6: The summary columns (Present, Absent, Leave, WFH, Working Days) calculate automatically.
A8: SHEET 2 — Payroll Calculator
B9: Update cell E2 with the number of working days in the current month (usually 22–26).
B10: Update cell H2 with the EOBI deduction amount per employee (default: PKR 250).
B11: Basic salary (column D, BLUE) is the only value you type per employee.
B12: Earned salary, deductions, and net payable all calculate from attendance automatically.
B13: The STATUS column shows "Review" for employees with more than 2 absences.
A15: SHEET 3 — Dashboard
B16: Provides a one-page overview: total headcount, net payroll, attendance rate, per-employee summary.
B17: Take a screenshot of this sheet to share with management or post as a portfolio sample.
A19: ADDING NEW EMPLOYEES
B20: Attendance sheet: Insert a row inside the employee list. Enter name, department, and daily statuses.
B21: Payroll sheet: Insert a matching row. Enter the basic salary. Link attendance columns to the new row.
B22: Dashboard: Extend the per-employee table to include the new row.
A24: MONTHLY RESET
B25: At the start of each month: clear all status cells (D4:AH13) in the Attendance sheet.
B26: Update the Month/Year cells in row 2. All formulas recalculate automatically.
